idx,metaphor,expected,token_str,score
0,"I am disposed to be a _ queen, and you try to stir me up to restlessness!",content,"['queen', 'dowager', 'constitutional', 'restless', 'good']","[0.0429964810609817, 0.0407891944050788, 0.0309204813092947, 0.0302336886525154, 0.0301140118390321]"
1,"Numerous icebergs, some of which are _ cathedrals, and occasionally loaded with ""no inconsiderable blocks of rock"",  would be stranded on the outlying islets.",tall,"['cathedral', 'domed', '[PAD]', 'rock', 'actually']","[0.0822545811533927, 0.0475962422788143, 0.0322062894701957, 0.0316855460405349, 0.0265552829951047]"
2,This aspect is a _ diamond.,rare,"['rare', 'cut', 'common', 'complete', 'valuable']","[0.6585800647735596, 0.0345019623637199, 0.0147149674594402, 0.01396378967911, 0.0137419262900948]"
3,"Recognizing a soulmate is a _ moment in the sunshine, or a meeting of eyes over a cup of coffee.",sudden,"['rare', 'bright', 'defining', 'brief', 'unexpected']","[0.4019767045974731, 0.0682490542531013, 0.0422939136624336, 0.0337731391191482, 0.0221792310476303]"
4,"As long as you can drive away from their shop without toppling over or crashing into something or someone, you're a _ bird.",free,"['free', 'cage', 'happy', 'lucky', 'poor']","[0.9618588089942932, 0.0055037457495927, 0.002540246816352, 0.0021207218524068, 0.0020961435511708]"
5,Fraud is a _ virus and can be just as menacing .,common,"['deadly', 'common', 'computer', 'dangerous', 'natural']","[0.2048947662115097, 0.1869950294494629, 0.1233240664005279, 0.1125437542796135, 0.0177508667111396]"
6,"Many eclipses are jarring, but not this one. This one is a _ cupcake with vanilla icing, so it may be that your friend will do something for you that you find touching.",sweet,"['chocolate', 'vanilla', 'sweet', 'sugar', 'strawberry']","[0.295855313539505, 0.1145674660801887, 0.1078411117196083, 0.0625240951776504, 0.0609327293932437]"
7,"How many of you guys would say no to dating a girl who is a _ cow, always silent (apart from occassional sexy moos), and can make Pamela Anderson feel sorry with her udders?",healthy,"['sour', 'spoiled', 'stubborn', 'poor', 'voting']","[0.1544562578201294, 0.1112827137112617, 0.0755130276083946, 0.0645634159445762, 0.0384322479367256]"
8,"No, the room was not cold at all, but my heart, oh, dismay my heart was _ ice.",cold,"['like', 'on', 'cold', 'frozen', 'solid']","[0.2716265618801117, 0.166004940867424, 0.1356964409351349, 0.1254053711891174, 0.0291150119155645]"
9,"Irregular Choice is an _ child in a sweetie shop to announce our first Irregular Choice Kids collection will be launching this Friday at 12 pm ( UK Time ) Our fans have been asking owner and Designer Dan Sullivan to create a children's  collection for years and he has worked hard to make their dreams come true, developing this capsule kid In preparation for us launching our SWAN HEELS at midday tomorrow we are giving lucky fans the chance to WIN their very own Swan Planters filled with Irregular Choice flowers!",excited,"['excited', 'eager', 'enthusiastic', 'anxious', 'exciting']","[0.8357232213020325, 0.0197984296828508, 0.0131695941090583, 0.0125014642253518, 0.0076303468085825]"
10,"As I got closer to finally see what was in store for me, Dan said my eyes were the _ saucers and my jaw dropped.",big,"['ultimate', 'big', 'largest', 'flying', 'biggest']","[0.1925164312124252, 0.0980131924152374, 0.0833748430013656, 0.0710821971297264, 0.0403208248317241]"
11,"A car can become a _ oven very quickly , even when it doesn't feel that warm.",hot,"['hot', 'microwave', 'heat', 'convection', 'hotter']","[0.3061375021934509, 0.2817894220352173, 0.0567017793655395, 0.0308652594685554, 0.0305706150829792]"
12,"Travel journals were _ theatergoing, and stories from the new world abounded.",popular,"['mostly', 'predominantly', 'primarily', 'generally', 'largely']","[0.1635401099920272, 0.1493516713380813, 0.1341381818056106, 0.0789111405611038, 0.0587195642292499]"
13,"Best of all, Stott's text is Harlequin's _ moves, his eye for humour and the need to clarify details for those unschooled in that period always as deft and sure.",light,"['every', 'best', 'signature', 'last', 'dance']","[0.3057011365890503, 0.0648426190018653, 0.0476133786141872, 0.0432585589587688, 0.0391030311584472]"
14,"Car is a _ home itself: the safety belts, the side protection wings to delicately support the baby.",comfortable,"['nursing', 'mobile', 'funeral', 'motor', 'welcome']","[0.3019270300865173, 0.1260181665420532, 0.0879586711525917, 0.0289368536323308, 0.0286642927676439]"
15,"The irony of my plastic works is that I take a material that was created to be touched, and I make it an _ artwork.",inaccessible,"['artistic', 'art', 'interesting', 'individual', 'antique']","[0.1133633404970169, 0.0767238363623619, 0.0672937855124473, 0.0607834495604038, 0.0292452089488506]"
16,"The messengers of love are _ thoughts, traveling ten times faster than sunbeams, pushing all doubts and fears away, as light does to threatening shadows.",light,"['individual', '[PAD]', 'idle', 'electronic', 'variable']","[0.0600165836513042, 0.0482965260744094, 0.0224164444953203, 0.0221579261124134, 0.0192466620355844]"
17,The water now was a sheet of _ glass and reflected in it was a magnificent magenta sunset - it was a perfect ending .,calm,"['clear', 'crystal', 'sparkling', 'mirrored', 'clean']","[0.4973086416721344, 0.0491325259208679, 0.0223143883049488, 0.0190558806061744, 0.0190256834030151]"
18,Have you ever been an _ bull when you're trying to study and nothing seems to work?,angry,"['angry', 'academic', 'injured', 'animal', 'iron']","[0.1520618647336959, 0.0714139938354492, 0.0531814321875572, 0.0461408495903015, 0.0238980632275342]"
19,"Great herds of tame cattle grazed the pastures, the water in the streams was _ crystal and as fragrant as clover, while the hillsides shone with veins of white, black, and red marble and with deposits of every kind of precious metal.",clear,"['clear', 'pure', 'sparkling', 'crystal', 'white']","[0.4522247314453125, 0.1598398834466934, 0.1172419637441635, 0.0853243917226791, 0.0171686969697475]"
20,You will be amazed to see your grapes become _ sugar .,sweet,"['pure', 'sweet', 'brown', 'sour', 'sugar']","[0.2394235730171203, 0.1173020601272583, 0.0662159621715545, 0.044564876705408, 0.0339781194925308]"
21,He's _ gall at your desertion and its consequences: don't expect thanks for this noble devotion.,bitter,"['feeling', 'expressed', 'shown', 'taken', 'taking']","[0.1768959760665893, 0.0582069009542465, 0.0507223792374134, 0.0448603555560112, 0.035374067723751]"
22,The bulls-eye is a _ chipmunk and doesn't move.,big,"['giant', 'large', 'bald', 'big', 'small']","[0.4388951361179352, 0.0825129970908165, 0.0643869414925575, 0.0509688109159469, 0.0357480496168136]"
23,"But despite all the backstage drama, the show still churned out sketches that made us laugh hard and others that were _ grandma's Christmas fruitcake.",sweet,"['like', '[PAD]', 'resembling', 'actually', 'resembled']","[0.3885683119297027, 0.0530935972929, 0.0402254872024059, 0.0227560941129922, 0.0181383118033409]"
24,"Better than a good many, for I am a _ lion, and all men aren't.",strong,"['brave', 'fighting', 'fierce', 'good', 'strong']","[0.3153867125511169, 0.1552231609821319, 0.1028538942337036, 0.0328328944742679, 0.0284977182745933]"
25,"For the space of half a year, the gunpowder is _ sand, because no fire came near to explode it.",harmless,"['mostly', 'only', 'like', 'just', 'desert']","[0.2154178023338318, 0.1024001315236091, 0.0660071447491645, 0.0406460054218769, 0.0388139560818672]"
26,One thing stood out after that day of feeding countless rounds through those UZIs - they were _ bricks .,reliable,"['worthless', 'like', 'solid', 'giant', 'durable']","[0.1225376203656196, 0.0987609922885894, 0.0933838263154029, 0.069711148738861, 0.0480504408478736]"
27,"As I am a _ giraffe, the hump makes longer trip uncomfortable.",tall,"['tall', 'walking', '[PAD]', 'super', 'giant']","[0.1354505568742752, 0.123011864721775, 0.0288014449179172, 0.0260052662342786, 0.0177581403404474]"
28,"The ""to grease or not to grease square taper"" debate is probably _ time itself.",old,"['about', 'in', 'over', 'wasting', 'the']","[0.8190843462944031, 0.0169249307364225, 0.0159243047237396, 0.0151870157569646, 0.0072217578999698]"
29,"But when Grandma spread out the chicken and sandwiches and cookies and lemonade in the shade of the big tree, they found that they were _ bears.",hungry,"['polar', 'hungry', 'all', 'both', 'like']","[0.3531115055084228, 0.1343522071838379, 0.0359607078135013, 0.0297370534390211, 0.0217856373637914]"
30,"Her thin calico dress was soaked with the damp in the air, and she was a _ sheet that shivering.",white,"['white', 'pale', 'thin', 'clean', 'paper']","[0.6158210039138794, 0.1410268992185592, 0.0182202979922294, 0.0153916561976075, 0.0121337817981839]"
31,"She was rather thin, but young, and fresh-complexioned, and her eyes are _ diamonds .",bright,"['bright', 'sparkling', 'like', 'glittering', 'shiny']","[0.2140174806118011, 0.2055277079343795, 0.1632440984249115, 0.0493633560836315, 0.0277520082890987]"
32,"The boat received major dents and scratches, it seems as the material is _ butter .",soft,"['peanut', 'like', 'melted', 'soft', 'clarified']","[0.1635435372591018, 0.1619472503662109, 0.0541169308125972, 0.0501262135803699, 0.0270396824926137]"
33,"I need not expatiate on the usefulness of that valuable species of cattle, which might have been _ asses before now, if our lawgivers had been as mindful of their duty in the suppression of jockeyship, as they have been in the suppression of usury.",cheap,"['cheap', 'worthless', 'tough', 'haul', 'common']","[0.5157933235168457, 0.0981097519397735, 0.0180987697094678, 0.0152015006169676, 0.0118205174803733]"
34,"He's still a _ ox, Barbara interjected.",strong,"['strong', 'stubborn', 'weak', 'pulling', 'mule']","[0.3381836712360382, 0.1668119132518768, 0.0586956478655338, 0.0221742168068885, 0.0151995904743671]"
35,"When our eyes met, he went on with his mouth scarcely leaving hers, it was a _ sword through a chink in a suit of armour.",piercing,"['piercing', 'plunged', 'cutting', 'straight', 'plunging']","[0.0799919962882995, 0.0646023079752922, 0.0630430579185485, 0.0592309236526489, 0.0562087707221508]"
36,"And after being out in the sunshine with the children most of the day, she'd lost her pale city complexion, becoming a _ berry and looking much younger.",brown,"['sour', 'purple', 'tender', 'berry', 'ripe']","[0.1559714078903198, 0.0659486055374145, 0.0538195744156837, 0.0533444546163082, 0.0441113077104091]"
37,"At last, she reached a wall, waist-high, stone-built, below which stretched the shore, which is a _ seashell in the moonlight. ",pale,"['perfect', 'beautiful', 'blue', 'calm', 'clear']","[0.1869048327207565, 0.0844447389245033, 0.066665343940258, 0.0666621699929237, 0.0345495603978633]"
38,"Well you are still a _ reed coltish, I believe your father used to say you still have the same intriguing green eyes and those slanting eyebrows.",thin,"['reed', 'little', 'tad', 'bit', 'toad']","[0.3787117600440979, 0.2135780602693557, 0.1678141802549362, 0.0555310994386673, 0.0099234823137521]"
39,"She pushed back her hair, which is _ copper in the sunshine that slanted through the big bay window.",bright,"['shining', 'bright', 'shiny', 'dark', 'gleaming']","[0.1863087266683578, 0.1653860807418823, 0.1038459613919258, 0.0416817739605903, 0.0407900996506214]"
40,"With a brief mocking smile he turned away and hurried up the steps to the hotel lobby, his back was a roll of _ barbed wire.",hostile,"['barbed', 'wire', 'thick', 'electrified', 'steel']","[0.4303236901760101, 0.1339025795459747, 0.1055392622947692, 0.0360199771821498, 0.0229214057326316]"
41,The rush-hour traffic in the city centre had been a plate of _ home-made porridge.,thick,"['cheap', 'freshly', 'delicious', 'perfectly', 'expensive']","[0.5016587376594543, 0.036056961864233, 0.0334045626223087, 0.027489848434925, 0.018024519085884]"
42,Her voice was a _ rock and she met his silvery-green eyes without flinching.,steady,"['steady', 'solid', 'hard', 'gentle', 'rock']","[0.708656370639801, 0.2627558410167694, 0.0114526385441422, 0.0011065655853599, 0.0010312142549082]"
43,Francesca was a _ picture and apparently glowing with health.,pretty,"['pretty', 'beautiful', 'stunning', 'perfect', 'bright']","[0.9138594269752502, 0.0344245806336402, 0.0076330914162099, 0.0050950399599969, 0.0045897820964455]"
44,Ruth was an _ dolphin in the water and she was away from him before he had a chance to stop her.,agile,"['agile', 'innocent', 'injured', 'expert', 'ordinary']","[0.1303938776254654, 0.0921835601329803, 0.053859956562519, 0.0285491552203893, 0.0218949094414711]"
45,"Did I accuse you of being _ nails, he teased gently at last, as if reading her mind.",hard,"['##nail', 'biting', 'like', 'nail', 'tough']","[0.1735167205333709, 0.1205064579844474, 0.0483714938163757, 0.0425984896719455, 0.0329183153808116]"
46,The picturesque village is the _ series at first sight.,surreal,"['only', 'television', '[PAD]', 'horror', 'first']","[0.1085648089647293, 0.0399287827312946, 0.0286960750818252, 0.0213669165968894, 0.0191865991801023]"
47,"The gulf in class was the _ Mersey after the break, but the first-half belonged to Sunderland.",big,"['name', 'river', 'new', 'renamed', 'mv']","[0.1384115517139434, 0.1101338937878608, 0.0448106080293655, 0.0417304523289203, 0.0222803652286529]"
48,"This work with great and powerful climaxes in first and last movements with a scherzo, which is a _ thistledown, a truly poetic slow movement and tremendous pageantry in the finale is much more than a series of vignettes of a great city.",light,"['poetic', 'gentle', 'graceful', 'musical', 'perfect']","[0.1684625595808029, 0.0654180571436882, 0.054489891976118, 0.0280668120831251, 0.0255595594644546]"
49,Finley had to be _ nails to secure a top job aboard a luxury cruise liner.,tough,"['tough', 'hard', '##nail', 'cheap', 'brittle']","[0.7328306436538696, 0.0556590966880321, 0.0146414469927549, 0.0090043041855096, 0.0068711158819496]"
50,I haven't been on the stage for a long time so I'm bound to be a _ kitten before I go on.,nervous,"['nervous', 'playful', 'newborn', 'cute', 'pussy']","[0.5817002654075623, 0.037331186234951, 0.021103510633111, 0.0185349956154823, 0.017218803986907]"
51,"It has often been claimed that English speech is rhythmical and that the rhythm is detectable in the occurrence of stressed syllables, of course it is not suggested that the timing is a _ clock, the regularity of occurrence is only relative.",regular,"['regular', 'periodic', 'ticking', 'cyclic', 'circular']","[0.6814219951629639, 0.0586068034172058, 0.0469920709729194, 0.0175833161920309, 0.0118821244686841]"
52,"Everywhere there is delicious coffee served, very strong and black in little cups, it is either free or costs about 2 pounds and seems to be _ water here.",common,"['no', 'drinking', 'pure', 'refreshing', 'clean']","[0.1301288157701492, 0.1251561939716339, 0.0960205420851707, 0.0574282556772232, 0.0516187585890293]"
53,"George was a quick thinker, so always did the introducing and all of the talking, but George did not talk about himself, he told of how Lennie was a _ bull and how he could buck barley all day.",strong,"['strong', 'pit', 'bull', 'proud', 'raging']","[0.3377645909786224, 0.1180234402418136, 0.092570886015892, 0.0206100810319185, 0.0162750519812107]"
54,"Moreover, he was chuckling and making humorous observations to Fleury in Hindustani, his eyes are _ anthracite, gleaming, pointing at his neck occasionally and shaking his head as if over an unusually successful jest.",black,"['dark', 'black', 'like', 'blue', 'white']","[0.2941444218158722, 0.1815864741802215, 0.0711761638522148, 0.0446409247815609, 0.0335632860660553]"
55,"Writing of the work of Chardin, whose most profoundly moving paintings are revelations of how trivial homely everyday scenes and objects are transformed for us, when we see them through the eyes of a great painter, Proust says. Chardin has taught us that a pear is a _ woman, a kitchen crock as beautiful as an emerald.",living,"['living', 'beautiful', 'perfect', 'natural', 'lovely']","[0.7132084369659424, 0.0423595495522022, 0.0162219703197479, 0.0158725045621395, 0.0146866701543331]"
56,Though you may wish to insist it is not true. The fact remains that Leos are _ stains on a butcher's tunic.,stubborn,"['visible', '[PAD]', 'blood', 'common', 'persistent']","[0.0897634550929069, 0.0586680583655834, 0.0436660163104534, 0.042994387447834, 0.0282193962484598]"
57,The sparrows alone with their urchin adaptability have found their snow legs and know already that today the street-bottoms are _ air and that they run no danger from dog or bicycle.,safe,"['free', 'clean', 'breathing', 'open', 'fresh']","[0.4050341546535492, 0.185875654220581, 0.1619913280010223, 0.050540093332529, 0.0490742623805999]"
58,People said that she was the _ Moor itself and just as changeable.,wild,"['moor', 'ancient', 'wild', 'natural', 'old']","[0.1333551853895187, 0.0861721262335777, 0.0636084601283073, 0.0476393103599548, 0.0426583774387836]"
59,"One moment she could be smiling tenderly as she fed the animals, the next she became a _ tiger at bay filled with anger.",dangerous,"['fierce', 'hungry', 'dangerous', 'helpless', 'wild']","[0.3377515375614166, 0.1365963816642761, 0.0834955498576164, 0.0324945859611034, 0.0283357948064804]"
60,She had been a _ feather to carry and her small hands were as cold as ice.,light,"['light', 'tough', 'heavy', 'soft', 'small']","[0.5654069185256958, 0.0881029814481735, 0.0459464155137538, 0.0255278293043375, 0.0236067958176136]"
61,"The even strength of his fingers, and his robust eloquence, James Huneker would never have found. The Scherzo from the B minor Sonata, which is a _ harebell after this, and assurance, are often awe-inspiring. Few young pianists have found a more direct path to musical truth or heeded Jorge Bolet's adage that speed is so often the enemy of excitement.",light,"['light', 'slow', 'gentle', 'perfect', 'simple']","[0.1887137740850448, 0.1086431145668029, 0.0358542092144489, 0.0330022349953651, 0.0229780301451683]"
62,"All this may be for the locals, but in Cologne you'll find the welcome extended to visitors is a _ schnapps downed in one.",warm,"['downed', 'few', 'single', 'little', 'dozen']","[0.1248196437954902, 0.1224876195192337, 0.05325673148036, 0.0260133929550647, 0.0225986074656248]"
63,The other friend who also decided to become a lawyer was a _ arrow in flight and in total contrast was very conventional in his approach to life.,straight,"['straight', 'sharp', 'shooting', 'blind', 'pointed']","[0.9893423318862916, 0.0022780015133321, 0.0006568983080796, 0.000461448857095, 0.0004531575832515]"
64,The thousands of groups and organisations are the _ colours of the rainbow and they have taken this natural phenomenon as the New Age symbol.,diverse,"['principal', 'various', 'diverse', 'natural', 'many']","[0.0994009673595428, 0.0880338922142982, 0.0489756315946579, 0.0377020239830017, 0.0370285548269748]"
65,"The pun on Spinoza was too good for Coleridge to resist, and the remarkable nose he attributed to Walsh may well have been borrowed from his memories of the innkeeper at the Castle of Comfort on the road from Stowey to Holford. His nose, which was locally famous, was said to be a _ fist and well-warted.",big,"['clenched', 'strong', 'closed', 'tight', 'hard']","[0.4264530539512634, 0.1248216107487678, 0.0901592671871185, 0.0424951538443565, 0.0202517285943031]"
66,"Although the mind-body effects of essences can be verified by science, the spiritual dimension is of course elusive, which is the _ fragrance of a beautiful flower.",celestial,"['unique', 'natural', 'lingering', 'spiritual', 'delicate']","[0.0827160105109214, 0.0822112783789634, 0.0675732567906379, 0.0495029017329216, 0.0305580012500286]"
67,She was a _ ghost and her eyes were shadowed as if she hadn't slept properly for weeks.,white,"['pale', 'white', 'living', 'walking', 'black']","[0.5414394736289978, 0.4069249331951141, 0.0110482089221477, 0.0085774315521121, 0.0022315345704555]"
68,Penelope Fitzgerald's prose is _ glass and you realise how much she hasn't said only when you stop laughing.,clear,"['broken', 'stained', 'shattered', 'like', 'all']","[0.1311091482639312, 0.0814320594072341, 0.0663398057222366, 0.0622055828571319, 0.0590260177850723]"
69,"But Thomas Carter was from Philadelphia and his love for Oxford and for England was a pure boyish enthusiasm, which is an _ passion for preserved railways or real ale.",innocent,"['old', 'animal', 'express', 'infectious', 'obvious']","[0.0969590619206428, 0.0793094485998153, 0.0768020153045654, 0.0356943234801292, 0.026692746207118]"
70,"With the upstart Parsons that margin was a _ motorway, of course, but even Thomas Carter, Nature's gentleman, couldn't help getting it ever so slightly wrong, in his case by bending over backwards to minimize his achievements and rubbish his accomplishments in order to spare you the painful comparison with your own lackluster status.",wide,"['straight', 'motorway', 'conventional', 'natural', 'freeway']","[0.215166687965393, 0.1096473410725593, 0.0337723568081855, 0.0322922617197036, 0.0279551241546869]"
71,Sir John Anderson who had much to do with atomic weapons development said he was the _ flames of Hell.,red,"['fiery', 'red', 'black', 'living', 'eternal']","[0.2620907723903656, 0.1568728685379028, 0.103083536028862, 0.0662347078323364, 0.0574231259524822]"
72,His brain becomes _ cheese.,soft,"['soft', 'hard', 'cottage', 'cream', 'goat']","[0.4994471967220306, 0.0846094116568565, 0.0426082760095596, 0.0391402132809162, 0.0253520961850881]"
73,"At a time, when spare tax dollars are _ cougars in Ontario, the commissioner is concerned that it's a sign the government doesn't intend to do much on the ground.",rare,"['considered', 'rampant', '[PAD]', 'practically', 'popular']","[0.2595162689685821, 0.1014742404222488, 0.0590548142790794, 0.0488520041108131, 0.01548458263278]"
74,"Her cousin had shrunk into a corner of the settle , a _ mouse , congratulating himself , I dare say , that the correction had alighted on another than him .",quiet,"['poor', 'shy', 'quiet', 'wise', 'friendly']","[0.2174364030361175, 0.135845735669136, 0.0965785160660743, 0.0439208261668682, 0.0404853820800781]"
75,"He can sow an idea, which is _ gunshots or close-hand combat, which he's masterful in.",powerful,"['either', 'like', 'whether', 'from', 'via']","[0.5178913474082947, 0.0811304301023483, 0.0770128518342971, 0.0473330281674861, 0.0450361110270023]"
76,"As soon as I figured out that one of my life goals is to support people and make them feel good, I automatically felt to be a _ lion!",brave,"['brave', 'fighting', 'fierce', 'strong', 'lion']","[0.5910587310791016, 0.1018154248595237, 0.0612422302365303, 0.0478119030594825, 0.0190828461199998]"
77,"The perfect pair of old beaten-up jeans look pretty badass and what's more, they're a _ pair of sweats.",comfortable,"['new', 'comfortable', 'cheap', 'perfect', '[PAD]']","[0.1195360273122787, 0.0859835296869278, 0.0393651127815246, 0.0369620360434055, 0.0346606150269508]"
78,"And sliding from the bed before I could hinder her, she crossed the room, walking very uncertainly, threw it back, and bent out, careless of the frosty air, which is a _ knife that cut about her shoulders.",keen,"['sharp', 'thin', 'cold', 'long', 'slender']","[0.1875913143157959, 0.0847899839282035, 0.0809072405099868, 0.0458684042096138, 0.0382290668785572]"
79,"Some types are _ thumbs, and yet can flying hundreds of miles over land and sea to migrate each year.",small,"['small', '[PAD]', 'minus', 'without', 'idle']","[0.0929658189415931, 0.0787679478526115, 0.0600160919129848, 0.0468442849814891, 0.0253813359886407]"
80,"As he spoke, he smiled, and the lamplight fell on a hardlooking mouth, with very red lips and sharp-looking teeth, which are _ ivories.",white,"['like', 'resembling', 'resemble', '[PAD]', 'called']","[0.1947565376758575, 0.1524105370044708, 0.1171544715762138, 0.0494138710200786, 0.0462409555912017]"
81,Our darling girl is _ sugar and has a face that you can not resist.,sweet,"['sweet', 'pure', 'like', 'brown', 'strawberry']","[0.3076827824115753, 0.0972262024879455, 0.0612114146351814, 0.0442073233425617, 0.021443972364068]"
82,"We are portrayed to be _ steel, to a not small degree because the eyes of humans can not see our color and see us only as gray, steel gray.",cold,"['stainless', 'solid', 'tough', 'durable', 'strong']","[0.311604231595993, 0.1006661057472229, 0.0803181901574134, 0.0441160500049591, 0.0407296083867549]"
83,She was not at all shy but she was a _ flower.,sensitive,"['pretty', 'shy', 'beautiful', 'fresh', 'lovely']","[0.2529301047325134, 0.0935382768511772, 0.0852771326899528, 0.0760938972234726, 0.042688712477684]"
84,"The goal may be the same for most people who work with a debt consolidation agency, but someone's financial situation and needs can be an _ fingerprint in my opinion.",unique,"['interesting', 'identifying', 'individual', 'ugly', 'important']","[0.1409275531768798, 0.1065585315227508, 0.0935824662446975, 0.0681947916746139, 0.0296681392937898]"
85,"Although I said earlier, with Venus in that house of office and work atmosphere, your relationship with co-workers will likely be _ silk, in all the days near February 26, you do have to be careful about what you say, or how you say it, lest someone overreacts by having a meltdown.",smooth,"['smooth', 'like', 'white', 'pure', 'clean']","[0.7187634110450745, 0.2218760997056961, 0.0059755397960543, 0.0049648522399365, 0.0041621709242463]"
86,"By the time I started paddling through Lilypad, the overcast had completely burnt off and the wind had died, and the the water was _ glass.",smooth,"['all', 'stained', 'only', 'like', 'mostly']","[0.1714024990797042, 0.0803931355476379, 0.0716811269521713, 0.0440336167812347, 0.0351816341280937]"
87,"All you need is a 10-minute nap and voila, a slurp of rose wine and I am a _ daisy... What I like in being drunk is the moment when you're alive and enthusiastic.",fresh,"['daisy', 'fresh', 'sweet', 'lovely', 'rose']","[0.2015392333269119, 0.1191519871354103, 0.0505987480282783, 0.0415908843278884, 0.0340921320021152]"
88,"Mold can be just _ bugs, and can be contagious between plants in the same room, and even the same house!",annoying,"['like', 'annoying', 'as', 'regular', '##like']","[0.9424996376037598, 0.012067555449903, 0.0079683056101202, 0.0022277478128671, 0.0019757824484258]"
89,"The colour of the water, as seen at some distance, was like that of a river, which has flowed through a red clay district, but under the shade of the vessel's side, it was _ chocolate.",dark,"['dark', 'almost', 'deep', 'pale', 'nearly']","[0.9402199983596802, 0.0124700227752327, 0.008066214621067, 0.0043646218255162, 0.0019934270530939]"
90,"Hours, incidentally,  are _ salary and responsibility: it will be your job to hammer out an arrangement that satisfies your needs.",variable,"['variable', 'considered', 'both', '[PAD]', 'between']","[0.1386319398880005, 0.1089168637990951, 0.1010627299547195, 0.0441098362207412, 0.030299887061119]"
91,"Before the financial crash in 2008, UK banks were _ rocks.",stable,"['hard', 'solid', 'on', 'rock', 'grinding']","[0.1312870234251022, 0.0832087248563766, 0.0611544847488403, 0.0589677914977073, 0.0245256572961807]"
92,"I normally find Dev Patel a bunch of _ rocks, but here he gives a rich and soulful turn as a man who just wants his creation to be a good man / robot, and will stop at nothing to engage Chappie's morality. ",bland,"['hard', 'worthless', 'bland', 'solid', 'dull']","[0.2619882225990295, 0.1656085699796676, 0.0419254302978515, 0.0333325937390327, 0.0264519490301609]"
93,"The cyst is a _ nut, which can be removed by surgery, allowing the baby to develop normally.",small,"['plastic', 'rubber', 'cotton', 'durable', 'rigid']","[0.1182681992650032, 0.0957076624035835, 0.0710609778761863, 0.0547113604843616, 0.04468759521842]"
94,"A one-sided argument is a _ story with holes in it, in fact , they are one and the same.",bad,"['ghost', 'fabricated', 'news', 'newspaper', 'life']","[0.0948912873864173, 0.0638353824615478, 0.0544446296989917, 0.0491534210741519, 0.0302003789693117]"
95,"sorry I made you stutter On May 31, 2017 at 8:52 am, Matthew says : Since you're a _ brick, I'll explain it to you.",dense,"['red', 'regular', 'brick', 'solid', 'common']","[0.1040164083242416, 0.0898056179285049, 0.0810097604990005, 0.0778470560908317, 0.0740283653140068]"
96,The descriptions of landscapes are _ loam.,rich,"['rich', 'common', 'thick', 'sandy', 'mud']","[0.2461782395839691, 0.0985495075583458, 0.0523022711277008, 0.0511248111724853, 0.0415573567152023]"
97,"She could only flounder gracelessly up to her elbows, her backbone is a _ noodle.",limp,"['stiff', 'tight', 'stubborn', 'thick', 'dry']","[0.1604761183261871, 0.067352183163166, 0.0488111898303031, 0.0367463640868663, 0.0218600463122129]"
98,Most people assume German cars are _ sunrise and French cars are considered as flaky as a croissant.,reliable,"['approaching', '[PAD]', 'nearing', 'near', 'at']","[0.2529718577861786, 0.1010345965623855, 0.0794133841991424, 0.0687056481838226, 0.0682049915194511]"
99,"We all are _ mice a full half-hour, and should have done so longer, only Joseph, having finished his chapter, got up and said that he must rouse the master for prayers and bed.",mute,"['blind', 'stubborn', 'desert', 'lazy', 'asleep']","[0.1394072771072387, 0.0493465326726436, 0.0425877124071121, 0.0381737388670444, 0.0335467271506786]"
100,"If I could have that, along with a little AJAX support, I'd be a _ lark.",happy,"['happy', 'perfect', 'lark', 'miserable', 'good']","[0.4131949543952942, 0.1457068026065826, 0.0620595328509807, 0.0532394982874393, 0.025597970932722]"
101,"Since his last words, he had remained a _ tomb. ",silent,"['silent', 'quiet', 'living', 'solitary', 'empty']","[0.4075389802455902, 0.0948430225253105, 0.0696931779384613, 0.0268625058233737, 0.0214803721755743]"
102,The continuous passage from one to the other was initially a _ succession of hot and cold showers and ultimately as enervating.,refreshing,"['continual', 'continuous', 'periodic', 'steady', 'alternating']","[0.3002576828002929, 0.1463302820920944, 0.1280621737241745, 0.105440579354763, 0.0309367142617702]"
103,"But like medicine, it did him good, and the food tasted better than it looked. After a while, the silence grew less tense, and they began to chat about the contrast between bloody-minded earnest Perugia, just visible on its wind-swept ridge as a distant smudge of grey, and Assisi, symbol of everything nice and pretty and kind. Assisi's pink stone made even its fortifications an _ illustration in a book of fairy tales.",innocent,"['interesting', 'innocent', 'attractive', 'exciting', 'excellent']","[0.4487042129039764, 0.0392646640539169, 0.0258022118359804, 0.0209162440150976, 0.0171556193381547]"
104,"Great creatures roamed the forest, some like bears, others like cattle reaching up on hind legs that were _ oaks to chew leaves and berries from the tops of the trees.",thick,"['like', 'thick', 'resemble', 'giant', 'ancient']","[0.2986730635166168, 0.2319670617580413, 0.0611178837716579, 0.0355172976851463, 0.0261343251913785]"
105,"The tentacles were momentarily _ rods, hurling their various cargoes around the room, before bunching up protectively in front of the abused Eye.",stiff,"['like', 'stiff', 'rigid', '[PAD]', 'pulling']","[0.2711556255817413, 0.0196272227913141, 0.0187315884977579, 0.017964482307434, 0.0179450307041406]"
106,"She smiled a small smile, which is _ rue that just curled the corners of her lips.",bitter,"['a', 'pure', 'fake', 'like', 'the']","[0.7717949151992798, 0.0346619598567485, 0.014416180551052, 0.0123215550556778, 0.0091377552598714]"
107,"The Welsh wanted none but valuable prisoners and had no interest in killing the others, since they would surely leave this place more nimbly and rapidly than the English survivors, and be the _ stars by the time another force looked for them.",inaccessible,"['only', 'lost', 'lone', 'dead', 'last']","[0.2080963551998138, 0.0604379847645759, 0.0575772896409034, 0.0476301647722721, 0.047604776918888]"
108,In Darcy's Utopia money will be _ coconuts in a country where they fall from the trees: it will cease to be a corrupting cause.,meaningless,"['sold', 'from', 'cheap', 'scattered', 'worthless']","[0.1231348067522049, 0.1183769404888153, 0.0644281655550003, 0.0462645068764686, 0.0445837154984474]"
109,"And I listen at the wall for sounds from Jancey, but it's a _ pillow and she's obviously gone to bed.",quiet,"['thick', 'soft', 'heavy', 'thin', 'throw']","[0.1837297677993774, 0.1623266190290451, 0.1466867923736572, 0.0539215467870235, 0.0348399579524993]"
110,He was a free and _ bird as he made sure to tell her and they clearly got along well.,single,"['loyal', 'free', 'happy', 'kind', 'just']","[0.2779340445995331, 0.1093096733093261, 0.1092802807688713, 0.0479096807539463, 0.0200401060283184]"
111,"Meredith, he said quietly, his voice was _ silk, your father ordered that his possessions should be burnt.",soft,"['like', 'smooth', 'soft', 'velvet', 'almost']","[0.7632198929786682, 0.1636931300163269, 0.0211210809648036, 0.0069206776097416, 0.0040361913852393]"
112,My hand was a _ football and throbbed with a pain that extended to the shoulder blade.,large,"['soccer', 'football', 'makeshift', 'cotton', 'rubber']","[0.126847505569458, 0.1075911670923233, 0.0647074580192565, 0.0347545593976974, 0.0320053398609161]"
113,"Her skin was _ milk, her eyes were green flecked with amber and rather slanted.",white,"['like', 'pure', 'white', 'pale', 'almost']","[0.2276643216609954, 0.2024338096380233, 0.1946551203727722, 0.0551990047097206, 0.0186958648264408]"
114,"And added my own selfish afterthought that the whores in Paris were the most skilled in the world, whilst cups of claret were _ water there.",cheap,"['drinking', 'cheap', 'flowing', 'available', 'sipping']","[0.3416406512260437, 0.2600577473640442, 0.0310303345322608, 0.025801658630371, 0.0224825348705053]"
115,"The African is a _ ploughox, each man can do the work in this clime of two or three of men like us.",strong,"['strong', 'skilled', 'master', 'natural', 'giant']","[0.1262539625167846, 0.0688224956393241, 0.0481920056045055, 0.0453798733651638, 0.0425619557499885]"
116,"Jealousy, he thought, was _ fear, the same dryness of the mouth, the thudding heart, the restlessness, which destroyed appetite and peace.",physical,"['like', 'pure', 'not', 'always', 'simply']","[0.2907986342906952, 0.0629798844456672, 0.0432944409549236, 0.0420306995511055, 0.0405644327402114]"
117,"This trowel is a _ knife or bayonet and will easily prize up any large stones, I have done this often even in rock-hard clay.",strong,"['sharp', 'small', 'powerful', 'large', 'long']","[0.1371780037879943, 0.0945812240242958, 0.0930392444133758, 0.080001950263977, 0.0580996684730052]"
118,My face was a _ tomato as I was shown to my seat.,red,"['red', 'tomato', 'bright', 'purple', 'blushed']","[0.696526288986206, 0.1866800040006637, 0.0707587748765945, 0.009280159138143, 0.0018746793502941]"
119,The sheets were _ blankets and Flit was the only thing that prevented the mosquitoes descending on us like vultures.,light,"['thick', 'mostly', 'heavy', 'thin', 'wool']","[0.0909747183322906, 0.078061044216156, 0.0594853609800338, 0.0497868657112121, 0.0476952381432056]"
120,"We had no means of communication with the people in the mountains, which to us were _ Tibet, and the doctor had not ventured there again in fact he was now in great danger.",remote,"['called', 'indeed', 'in', 'considered', 'neighboring']","[0.1807323992252349, 0.0798398554325103, 0.0744308531284332, 0.0448228456079959, 0.0398048907518386]"
121,"In spite of all this food, I was a _ rake and was as hungry as ever.",thin,"['thin', 'rake', 'poor', 'filthy', 'stubborn']","[0.1186608746647834, 0.0630674511194229, 0.0579812303185462, 0.0402328856289386, 0.0345887094736099]"
122,His voice had been the _ whisper of a breeze against silk.,faint,"['soft', 'faint', 'gentle', 'mere', 'warm']","[0.5905945897102356, 0.1141954883933067, 0.0542982034385204, 0.0243961941450834, 0.0193044990301132]"
123,Susan's face was _ snow and she was shaking with cold.,white,"['white', 'all', 'like', 'sheet', 'fresh']","[0.3965071439743042, 0.0873518660664558, 0.0320273824036121, 0.0306203290820121, 0.0253783203661441]"
124,"One would be the version to be found in the published research papers, those strange constrained pieces of writing whose conventions are _ sonnet, whose scientific account is always a set of clearly designed, unambiguously conducted and conclusive observations, building from earlier data and, in their final paragraphs pointing the way to future experiments.",rigid,"['[PAD]', 'rigid', 'a', 'every', 'the']","[0.1979170143604278, 0.1267854422330856, 0.0784341320395469, 0.0462770238518714, 0.0396658182144165]"
125,"His eyelashes were the _ teeth on a comb, extravagantly long, tar black, and his lids were gently slanted harbouring eyes of an electrifying blue.",thick,"['longest', 'finest', 'largest', 'thick', 'perfect']","[0.4847768247127533, 0.0716721266508102, 0.0635721459984779, 0.0431297533214092, 0.0407016202807426]"
126,We suddenly realized that we were _ air and couldn't think of a thing to do with this unexpected liberty.,free,"['on', 'breathing', 'sharing', 'without', 'wasting']","[0.1956882625818252, 0.116672970354557, 0.1120316833257675, 0.1002710536122322, 0.060696080327034]"
127,"This recipe is a _ pair of jeans and, we suppose, could be doctored with a handful of chocolate chips or shredded coconut, but why mess with perfection?",basic,"['basic', 'clean', 'faded', 'simple', 'tight']","[0.1895835846662521, 0.0632579922676086, 0.056241899728775, 0.0551889166235923, 0.0532742552459239]"
128,"If a business is centered around your individual talents, the need for good time management should be an _ slap in the face.",obvious,"['immediate', 'obvious', 'automatic', 'absolute', 'instant']","[0.1772665232419967, 0.1156855374574661, 0.0693357288837432, 0.0654778108000755, 0.0398818291723728]"
129,"When the two armies clashed the arrows flew in such clouds that they darkened the sky, the hooves of the chariot horses were like thunder upon Olympus, the brazen armour of the Atlanteans dazzled the eye and their spearheads seemed to be _ wheat growing in a field.",countless,"['like', 'resembling', 'giant', 'from', 'unlike']","[0.9313564300537108, 0.0076172351837158, 0.0071862372569739, 0.0049183801747858, 0.0026487514842301]"
130,"The new moon will arrive with Jupiter in close alignment, which is _ diamond.",rare,"['a', 'like', 'pure', 'cut', 'nearly']","[0.5382043719291687, 0.0581050105392932, 0.0258175041526556, 0.025393471121788, 0.0127727929502725]"
131,"However, fibroids can grow to be _ melon and when they get this big, they can cause a lot of pain and discomfort for the female.",big,"['a', 'pure', 'giant', 'super', 'large']","[0.8842711448669434, 0.0140660889446735, 0.0125222997739911, 0.0062661170959472, 0.0061038709245622]"
132,His eyes are _ fire from weeping.,red,"['on', 'red', 'orange', 'spitting', 'raging']","[0.8499694466590881, 0.0812269896268844, 0.0097606563940644, 0.0058482424356043, 0.0056496057659387]"
133,"The sky was overcast and as there was no wind, the lake was _ glass.",smooth,"['all', 'only', 'stained', 'sheet', 'mostly']","[0.2000725120306015, 0.0958474650979042, 0.064794473350048, 0.0566321983933448, 0.035295870155096]"
134,"When it comes to women in real life, I imagine she's a _ sheep.",gentle,"['sheep', 'black', 'helpless', 'poor', 'gentle']","[0.1775251179933548, 0.1714615821838379, 0.0715105310082435, 0.0651035010814666, 0.043352548032999]"
135,"Our last glimpse of her shows her at the window, watching them receding into the sky until they were _ stars.",small,"['##less', 'mere', 'only', 'tiny', 'distant']","[0.0799179524183273, 0.0645639300346374, 0.052685797214508, 0.0492216795682907, 0.0413825139403343]"
136,"They were approximately four kilometers away from the enemies, and the fire torches were _ firefly, and it was quite impossible for them to even see the figure carrying the torches.",bright,"['a', 'pure', 'every', 'like', '[PAD]']","[0.4411863982677459, 0.0984515696763992, 0.0681796073913574, 0.0534629076719284, 0.0199372693896293]"
137,"The creatures can reach an impressive 5,000 pounds and their thick skin is _ rubber.",tough,"['like', 'tough', 'almost', 'durable', 'synthetic']","[0.8771252036094666, 0.0403239466249942, 0.0096299545839428, 0.0050642886199057, 0.0047709438949823]"
138,"But he was a _ mule, and instead of snatching at her bait, in wet weather he took to smoking with Joseph.",stubborn,"['stubborn', 'pack', 'mule', 'poor', 'helpless']","[0.9125537872314452, 0.0095791267231106, 0.0044303126633167, 0.0036288164556026, 0.0032422039657831]"
139,"There's no danger, he translated, his eyes on the soothsayer's hands but the boar that we want is _ wind and as sharp as an eagle.",fast,"['the', 'swift', 'by', 'like', 'against']","[0.2483408451080322, 0.154671624302864, 0.0365830771625041, 0.0330884978175163, 0.0178035367280244]"
140,"Lola kept track of patients whose personalities were the _ weather (One minute Paul says he does not want his wife any more and the next he has changed his mind), she listened to their grievances (Josef thinks he is fit to work and look after himself says he is being kept a prisoner but he is very confused and deluded) and even mediated between doctors.",variable,"['same', 'worst', 'right', 'current', 'prevailing']","[0.2237160205841064, 0.213285744190216, 0.0382628627121448, 0.0361799374222755, 0.0352465733885765]"
141,Her back was a _ ramrod which made her feel a little more dignified while engaging in what she considered the unladylike art of cycling.,straight,"['straight', 'stiff', 'regular', 'smooth', 'rigid']","[0.6353592276573181, 0.2102654725313186, 0.0124200629070401, 0.0075185433961451, 0.006841208320111]"
142,The derelict remains of the old building were the _ weather and the bare trees dripped with melting frost like chilling tears.,bleak,"['worst', 'perfect', 'bad', 'deteriorating', 'same']","[0.8207079768180847, 0.0497013479471206, 0.0262169335037469, 0.0105746733024716, 0.0047450079582631]"
143,"When he went to look at Anna before going to school, her eyes were once more the _ sky and she curled her fingers round his as if she didn¡¦t want to let him go.",blue,"['blue', 'night', 'same', 'black', 'dark']","[0.7982601523399353, 0.1306464970111847, 0.013882765546441, 0.0072167082689702, 0.0045810202136635]"
144,"Sarah stayed outside a few minutes longer, her spirits lifting wonderously and she was a _ robin singing among the branches of the oak tree.",happy,"['robin', 'wild', 'happy', 'night', 'merry']","[0.3580082058906555, 0.0437553487718105, 0.0346839763224124, 0.0197701193392276, 0.0195550397038459]"
145,"When the sun played on her golden hair, it was the _ copper warming pan which Sarah put between the sheets on winter nights.",bright,"['hot', 'cold', 'giant', 'cheap', 'large']","[0.2075909227132797, 0.0516482889652252, 0.039038747549057, 0.0379940755665302, 0.0305837374180555]"
146,"When he was no more than knee high and a _ pencil, I dug him out of the wild river bank and planted him in a virginal garden, half an acre of island that consisted of nothing more luxurious or exotic than brick rubble, tilled chalk and grass seed.",slender,"['thick', 'thin', 'sharpened', 'slender', 'flint']","[0.590972363948822, 0.1038562059402465, 0.0628850162029266, 0.0145991127938032, 0.0128917098045349]"
147,"He made himself a _ lamb, hoping perhaps that they would give him an extra morsel of food or some other favour.",modest,"['modest', 'small', 'cheese', 'vegetarian', 'roast']","[0.0834649875760078, 0.0538948029279708, 0.0484837926924228, 0.0462514758110046, 0.0333712883293628]"
148,"The sense of disappointment was a _ blow, painful out of all proportion so much so that for a moment, I was almost angry with him for not being there.",sharp,"['physical', 'cruel', 'sharp', 'bitter', 'harsh']","[0.2771340012550354, 0.1135747134685516, 0.1039496287703514, 0.0754656791687011, 0.0674406737089157]"
149,You must be the _ reed in the fable lest by resisting the tempest like the oak you be torn up by the roots.,flexible,"['only', 'last', 'sole', 'principal', 'largest']","[0.4980963468551636, 0.1011835113167762, 0.070264920592308, 0.0238274987787008, 0.0176699124276638]"
150,"Her body went to be a _ bowstring and when she opened her eyes and looked into his, she saw their awestruck astonishment.",tense,"['stiff', 'rigid', 'tight', 'tense', '[PAD]']","[0.2938089370727539, 0.1502255797386169, 0.1152845919132232, 0.0873034968972206, 0.0146248592063784]"
151,"He felt he was a _ kitten, but the fever and nausea were gone.",weak,"['weak', 'newborn', 'helpless', 'nervous', 'sick']","[0.1778069585561752, 0.1175178438425064, 0.1097826659679412, 0.0839039161801338, 0.076949194073677]"
152,The big wooden table had been scrubbed into a _ bone on the seashore.,white,"['dry', 'raw', 'smooth', 'whale', 'bare']","[0.2811863720417022, 0.063941590487957, 0.061930064111948, 0.0437527112662792, 0.0353402011096477]"
153,"From then on, his manner towards me was _ ice, which caused me great pain.",cold,"['like', 'cold', 'pure', 'slippery', 'ice']","[0.7938631176948547, 0.0496992282569408, 0.0342592671513557, 0.0303260199725627, 0.0149051183834671]"
154,"The bell-lamp in the passage was a _ soap-bubble, you could see yourself in all the tables and French-polish yourself on any one of the chairs.",clear,"['soap', 'clear', 'giant', 'clean', 'bubble']","[0.2029162496328354, 0.1716449856758117, 0.0565667264163494, 0.0468056574463844, 0.0268191583454608]"
155,The sweater was a _ puff and as smooth as a bird to touch.,light,"['soft', 'light', 'white', 'little', 'small']","[0.2298674285411834, 0.2144306898117065, 0.0546815171837806, 0.0480512231588363, 0.0248971916735172]"
156,"The nine women came behind her, their footfalls were _ birds'.",light,"['like', 'from', 'bird', 'regular', 'birds']","[0.6911594867706299, 0.0651066899299621, 0.028728624805808, 0.0108883343636989, 0.0061290767043828]"
157,"Lieutenant Webster the Duke's voice was a _ sword in winter, four horses instantly to the Prince of Orange 's carriage.",cold,"['cold', 'sharp', 'harsh', 'steel', 'deadly']","[0.4846584498882293, 0.0642081275582313, 0.058915689587593, 0.026074880734086, 0.0163017511367797]"
158,"On the other hand, he had to be _ granite inside, harder even than a brutally flamboyant exhibitionist such as Obispal - since Jaq was a guardian of those who guarded humanity an investigator of the investigators.",hard,"['hard', 'tough', 'solid', 'harder', 'cold']","[0.4889028072357178, 0.1811191588640213, 0.0717714950442314, 0.0357368923723697, 0.0351149998605251]"
159,They held each other soberly and Anna noticed he was a _ ruler all bone.,thin,"['thin', 'bone', 'bald', 'slender', 'weak']","[0.4452998340129852, 0.0469317063689231, 0.0404182448983192, 0.0223460588604211, 0.016582254320383]"
160,"It was not surprising that Benny had been an _ hen, walking on hot coals all summer long, never able to keep still, always jumping up with some further excitement.",excited,"['excited', 'oven', 'old', 'easter', 'abandoned']","[0.0797987729310989, 0.076188176870346, 0.0569265335798263, 0.0557268038392066, 0.0425262749195098]"
161,"To the Romanian audience for these trials (which were broadcast live on television), the lists of cartons of cigarettes or kilos of refrigerated meat were the _ tales of the riches of the Sultan in One Thousand and One Nights.",fascinating,"['tell', 'fascinating', 'fairy', '##ld', 'telling']","[0.1183192804455757, 0.0672233030200004, 0.0661017522215843, 0.0302661284804344, 0.0276222452521324]"
162,"I wanted to express what a simple thing, death and burial is just the _ falling of a leaf - just a bit of earth dug up a wooden cross.",simple,"['simple', 'mere', 'ordinary', 'gentle', 'final']","[0.4006954729557037, 0.1829934269189834, 0.0665260851383209, 0.046445082873106, 0.0333885364234447]"
163,"During our set, the sky grew gradually darker and darker until by the last number, the sky was the _ ceiling of the Camden Falcon.",black,"['vaulted', 'domed', 'perfect', 'sheer', 'black']","[0.1067676767706871, 0.0391104407608509, 0.0345659330487251, 0.0292226374149322, 0.0240777172148227]"
164,"Levy's voice is a _ shag on the floor of a sandpaper factory, the lyric is utterly ridiculous describing the popularity and stylishness of a certain fashionable item and the soprano sax added to that tender little guitar lick from the Arrested Development record just upsets your soul.",rough,"['rough', 'soft', 'smooth', 'dull', 'harsh']","[0.3321532607078552, 0.0683156177401542, 0.0489180497825145, 0.0382979474961757, 0.0328466296195983]"
165,"For emotional resonance, flags are a _ quadrilateral of cloth.",potent,"['large', 'thick', 'giant', 'common', 'complex']","[0.0785908922553062, 0.0755376741290092, 0.0602814629673957, 0.0456935688853263, 0.0392116829752922]"
166,"Don't call me that you great jerk, said Perdita, hammering her fists against his chest which was the _ ground outside.",hard,"['solid', 'cold', 'frozen', 'dangerous', 'hard']","[0.2001813203096389, 0.0871688053011894, 0.0816524773836135, 0.0630212724208831, 0.0558553747832775]"
167,"When Mr Wormwood arrived back from the garage that evening, his face was a _ thunder-cloud and somebody was clearly for the high-jump pretty soon.",dark,"['dark', 'black', 'grey', 'white', 'thick']","[0.3836733102798462, 0.0839913785457611, 0.0252153445035219, 0.0249011702835559, 0.0195511933416128]"
168,"Plus they rely far too heavily on Chad Gracey's bionic drumming to get them noticed the tinny snare effect, soon becoming an_ catfight underneath your window at 3.00 am.",annoying,"['animal', 'ugly', 'annoying', 'ongoing', 'effective']","[0.1037542596459388, 0.0846739262342453, 0.077906996011734, 0.0448011122643947, 0.0391546338796615]"
169,"Thin and tiny in stature, her back was a _ arrow, but her legs often pained her in the cooler winter and spring weather. ",straight,"['straight', 'sharp', 'natural', 'stiff', 'slender']","[0.9825865030288696, 0.003372645471245, 0.0024336960632354, 0.0010144390398636, 0.0007676822715438]"
170,"He was a _ cat, having licked the cream, while Eleanor held his hand and looked concerned.",smug,"['lazy', 'nervous', 'hungry', 'gentle', 'smug']","[0.1769395470619201, 0.1206549257040023, 0.0755138546228408, 0.0371041484177112, 0.0248380154371261]"
171,We can hardly tell the Finance and Executive Committee that the British are unreliable at the vehicle plants but they are the _ Rock of Gibraltar when it comes to components.,solid,"['solid', 'hard', 'foundation', 'steady', 'standing']","[0.8694097995758057, 0.0240540765225887, 0.0226060897111892, 0.0078790476545691, 0.0046156919561326]"
172,"They carted him like a scarecrow, his heels scoring the gravel, but he was a _ pig in a cart, he would never squeal without a hard prod; Donald Stewart the blacksmith had to grip his wrist to make him sign the paper.",stubborn,"['stubborn', 'guinea', 'lazy', 'loyal', 'worthless']","[0.668842613697052, 0.1213929131627082, 0.0117791695520281, 0.011245809495449, 0.0088181952014565]"
173,Her face became a _ icon as if she had momentarily glimpsed the old customs of Irkutsk: a bridal party bearing skates of bone and bodices of the finest needle-point standing on the southern shore and looking across Baikal; a sallow-faced groom from Chita smoothing his first moustache and pacing the deck of an ice-locked paddle-steamer.,bright,"['new', 'bright', '[PAD]', 'christmas', 'colorful']","[0.1998814344406128, 0.0513094700872898, 0.0254886504262685, 0.0254206527024507, 0.0244627557694911]"
174,A virus is a _ bullet or a shell.,neutral,"['single', 'poison', 'live', 'lethal', 'virus']","[0.1158894672989845, 0.0700194835662841, 0.0689897686243057, 0.0479355677962303, 0.0346650183200836]"
175,He had been a cheerful fellow in those days and life was a _ laugh on the wind or the carelessly squandered words of a song.,trivial,"['careless', 'cruel', 'idle', 'cheap', 'foul']","[0.6081352233886719, 0.0335789546370506, 0.0306562632322311, 0.0297225341200828, 0.0179684981703758]"
176,The atmosphere here is _ mud she said.,thick,"['pure', 'clear', 'mud', 'thick', 'like']","[0.1465253829956054, 0.0872464999556541, 0.0690869390964508, 0.0617777705192565, 0.0461707189679145]"
177,Her writing is a _ sculpture and as steady and unobtrusive as breathing.,whole,"['solid', 'delicate', 'mere', 'living', 'monumental']","[0.0505153536796569, 0.0499532185494899, 0.0388786792755126, 0.037928145378828, 0.0306831467896699]"
178,"On the other hand, I've been a _ turkey in January and all because of a story I spotted in a medical magazine, stating that regular lashings of oily fish cut sharply your chances of having a heart attack.",happy,"['cold', 'thanksgiving', 'roast', 'frozen', 'sour']","[0.2724732458591461, 0.2189845442771911, 0.1353107541799545, 0.1049529686570167, 0.0283939875662326]"
179,"If the water is frozen and shifts as a glacier, then it can carry entire boulders which are _ hotels hundreds of miles and gouge great scars.",big,"['hotel', '[PAD]', 'in', 'from', 'luxury']","[0.1749447584152221, 0.0965687185525894, 0.0855717062950134, 0.0468362867832183, 0.036744050681591]"
180,"I do not know whether we dragons loved her or hated her; her will was like iron, as fast clad as our scaled hides, but her heart was like a songbird in the morning and she was the _ lilies of the field.",lovely,"['wild', 'beautiful', 'sweet', 'living', 'lovely']","[0.1218437626957893, 0.0948237180709838, 0.0607825741171836, 0.042785745114088, 0.0342058539390563]"
181,"No matter how carefully he sliced each shovelful in an arc out on the wind, there were certain unpredictable gusts that lifted the grains and blew them back towards the tractor. By evening, his clothes were filthy with lime; his face and hands, which are _ chalk, accentuating the inflamed red round his eyes.",white,"['white', 'black', 'painted', 'chalk', 'dry']","[0.478052943944931, 0.0786357969045639, 0.0436276383697986, 0.0354363918304443, 0.0301138814538717]"
182,"Heaps of faded, yellowing newspaper cuttings - their arguments are the _ foundations of the front-line ruins - are there to prove our lack of comprehension.",flawed,"['very', 'solid', 'flawed', 'theoretical', 'basic']","[0.1427121609449386, 0.0735747367143631, 0.0448078960180282, 0.0411160364747047, 0.0291035771369934]"
183,For several minutes Morse looked down at the turbid turgid river and his thoughts were the _ waters below him,restless,"['calm', 'dark', 'churning', 'crashing', 'turbulent']","[0.0897419601678848, 0.0711273327469825, 0.0635124742984771, 0.0555876605212688, 0.0533167943358421]"
184,The compulsion to get away and not look back was a _ hand on her shoulder urging her forward.,strong,"['strong', 'gentle', 'heavy', 'firm', 'solid']","[0.573992908000946, 0.1339128166437149, 0.0596157610416412, 0.0354689471423625, 0.0171438623219728]"
185,His tone was the _ weather outside.,icy,"['icy', 'cold', 'perfect', 'calm', 'stormy']","[0.2385235726833343, 0.0992145985364914, 0.0627855956554412, 0.0533651262521743, 0.0443589054048061]"
186,Heathcliff dropped his candle and stood without moving. His face was the _ wall behind him.,white,"['blank', 'brick', 'stone', 'white', 'rock']","[0.3948972523212433, 0.263941079378128, 0.0595441982150077, 0.0284652393311262, 0.0246108006685972]"
187,Every year is _ clockwork ever since I've been here and that's eight years.,regular,"['like', 'regular', 'ticking', 'clock', 'perfect']","[0.7787430286407471, 0.0734219700098037, 0.0182936824858188, 0.0115441083908081, 0.0092708757147192]"
188,"Gage might look and act like a bronco in his den, hates to go back but set him free in a pen and he will be a _ lamb and a sweet dove .",calm,"['gentle', 'modest', 'kind', 'loyal', 'tender']","[0.5114181637763977, 0.078381709754467, 0.0592685118317604, 0.0378752388060092, 0.0352152362465858]"
189,You will be a _ piece of dirt on the sole of my shoe.,worthless,"['worthless', 'fine', 'miserable', 'tiny', 'big']","[0.7480325698852539, 0.0243615042418241, 0.0185988917946815, 0.0178968217223882, 0.0176536366343498]"
190,"Wearing the suit, she weighed three hundred kilos and felt like being a _ rhinoceros; as soon as she was outside she¡¦d feel almost weightless, and the suit¡¦s systems would give her the strength of a robot while hardly affecting the speed and ease of her movements.",graceful,"['hungry', 'giant', 'helpless', 'white', 'mounted']","[0.2862568795681, 0.0962513387203216, 0.0321643352508544, 0.0292887389659881, 0.0268172416836023]"
191,"She is a _ lamb and while most people are cautious when meeting her, they soon think she's wonderful.",gentle,"['gentle', 'modest', 'loyal', 'good', 'kind']","[0.7706798315048218, 0.0868730545043945, 0.0331826917827129, 0.0100720934569835, 0.0055494685657322]"